<mujoco model="bolt">
  <compiler angle="radian"/>
  <asset>
    <mesh name="bolt_body" file="bolt_body.stl"/>
    <mesh name="bolt_hip_fe_left_side" file="bolt_hip_fe_left_side.stl"/>
    <mesh name="upper_leg_200mm_left_side" file="upper_leg_200mm_left_side.stl"/>
    <mesh name="lower_leg_200mm_left_side" file="lower_leg_200mm_left_side.stl"/>
    <mesh name="bolt_foot" file="bolt_foot.stl"/>
    <mesh name="bolt_hip_fe_right_side" file="bolt_hip_fe_right_side.stl"/>
    <mesh name="upper_leg_200mm_right_side" file="upper_leg_200mm_right_side.stl"/>
    <mesh name="lower_leg_200mm_right_side" file="lower_leg_200mm_right_side.stl"/>
  </asset>
  <worldbody>
    <geom type="mesh" rgba="0.8 0.8 0.8 1" mesh="bolt_body"/>
    <body name="FL_SHOULDER" pos="0 0.0636 0">
      <inertial pos="0.0170826 -0.00446892 -0.0109583" quat="0.380445 0.573263 0.68117 0.250275" mass="0.140043" diaginertia="0.000140999 0.000103321 5.85997e-05"/>
      <joint name="FL_HAA" pos="0 0 0" axis="1 0 0" range="-10 10" actuatorfrcrange="-1000 1000"/>
      <geom type="mesh" rgba="0.8 0.8 0.8 1" mesh="bolt_hip_fe_left_side"/>
      <body name="FL_UPPER_LEG" pos="0 0.0145 -0.0386">
        <inertial pos="1.377e-05 0.0193585 -0.118707" quat="0.705243 -0.0424536 0.0423607 0.706424" mass="0.148538" diaginertia="0.000417563 0.00041107 2.46069e-05"/>
        <joint name="FL_HFE" pos="0 0 0" axis="0 1 0" range="-10 10" actuatorfrcrange="-1000 1000"/>
        <geom type="mesh" rgba="0.8 0.8 0.8 1" mesh="upper_leg_200mm_left_side"/>
        <body name="FL_LOWER_LEG" pos="0 0.0374 -0.2">
          <inertial pos="0 0.00836718 -0.115919" quat="0.707082 -0.00592354 0.00592354 0.707082" mass="0.0311724" diaginertia="0.000115592 0.00011487 2.16816e-06"/>
          <joint name="FL_KFE" pos="0 0 0" axis="0 1 0" range="-10 10" actuatorfrcrange="-1000 1000"/>
          <geom type="mesh" rgba="0.8 0.8 0.8 1" mesh="lower_leg_200mm_left_side"/>
          <geom pos="0 0.008 -0.2" type="mesh" rgba="0.8 0.8 0.8 1" mesh="bolt_foot"/>
        </body>
      </body>
    </body>
    <body name="FR_SHOULDER" pos="0 -0.0636 0">
      <inertial pos="0.0170823 0.00447099 -0.0109585" quat="0.250376 0.681095 0.573344 0.380393" mass="0.140044" diaginertia="0.000141003 0.000103316 5.8591e-05"/>
      <joint name="FR_HAA" pos="0 0 0" axis="1 0 0" range="-10 10" actuatorfrcrange="-1000 1000"/>
      <geom type="mesh" rgba="0.8 0.8 0.8 1" mesh="bolt_hip_fe_right_side"/>
      <body name="FR_UPPER_LEG" pos="0 -0.0145 -0.0386">
        <inertial pos="-1.377e-05 -0.0193585 -0.118707" quat="0.705243 0.0424536 -0.0423607 0.706424" mass="0.148538" diaginertia="0.000417563 0.00041107 2.46069e-05"/>
        <joint name="FR_HFE" pos="0 0 0" axis="0 1 0" range="-10 10" actuatorfrcrange="-1000 1000"/>
        <geom type="mesh" rgba="0.8 0.8 0.8 1" mesh="upper_leg_200mm_right_side"/>
        <body name="FR_LOWER_LEG" pos="0 -0.0374 -0.2">
          <inertial pos="0 -0.00836718 -0.115919" quat="0.707082 0.00592354 -0.00592354 0.707082" mass="0.0311724" diaginertia="0.000115592 0.00011487 2.16816e-06"/>
          <joint name="FR_KFE" pos="0 0 0" axis="0 1 0" range="-10 10" actuatorfrcrange="-1000 1000"/>
          <geom type="mesh" rgba="0.8 0.8 0.8 1" mesh="lower_leg_200mm_right_side"/>
          <geom pos="0 -0.008 -0.2" type="mesh" rgba="0.8 0.8 0.8 1" mesh="bolt_foot"/>
        </body>
      </body>
    </body>
  </worldbody>
</mujoco>
